cross,reynolds,temporal_l,temporal_r,viscous
-0.351664536405756,-0.2827188976431374,-0.1620566156343915,-0.2158669002466011,0.25577618560746396
-0.27969151337607523,-0.2812073923909067,-0.21552696150204537,-0.23271531048601704,0.1761530532776442
-0.34320116107116283,-0.28259877876268175,-0.3682662117239055,-0.3779076448442069,0.3560235701139925
1.6108336056138763,0.8444232525914541,2.997602201854196,3.0093170474697497,-1.8606635382395922
-0.3460866755149252,-0.28269458560598737,-0.39174094675175025,-0.3933306025981397,0.3401004456751063
3.5892682831641847,3.557883939317172,2.657734618216684,2.7285159788166427,-3.540899187018756
-0.2951199546927277,-0.28105055178530175,-0.7120201833727964,-0.6515132612110873,0.44887208958987457
-0.3438441545389169,-0.2826594758294893,-0.3962860977139637,-0.3973738537231599,0.3892361696739108
-0.3415677187849428,-0.2826511291928,-0.22543260117630914,-0.25765456904378925,0.22159016598119868
-0.3314902579733372,-0.28244133646158764,-0.4521538878765969,-0.44527553986016116,0.4547510475364956
-0.3148646737834832,-0.2822765411174635,-0.4348112421005514,-0.4250557403750979,0.2828080776276083
-0.3201924898634212,-0.28225609106392074,-0.15752187172597765,-0.19546906479370404,0.268284233680277
-0.3256867192392112,-0.2822211685961834,-0.5026129086768442,-0.48120481790739184,0.4020466008703279
-0.3440299460027615,-0.28261128359677035,-0.36458755733759035,-0.3732709099992225,0.35046497330550613
-0.31263793167376824,-0.28208269771849764,-0.49750216628679994,-0.4787763474624292,0.4972726413704821
-0.21954903713866752,-0.2790587001408556,-0.2491616454456609,-0.2610388825509329,0.06885691042479457
-0.20668265452061252,-0.27892701522880126,-0.4168304501339792,-0.41001663932740734,0.10394677769217212
-0.31531285188520664,-0.28222868556596953,-0.46500681374302655,-0.45119762142652364,0.3831447531516627
-0.20109046144371667,-0.2785555776763125,-0.40532075929259237,-0.3971320390321095,0.0807438664332999
-0.36602518331952366,-0.28277783921437255,-0.36211773893567295,-0.3671852605553145,0.32190358012224884
-0.3661210031779076,-0.28277785453641074,-0.36288688252099466,-0.3678956063854299,0.3213896533553224
-0.33630448199115437,-0.2826316920510446,-0.41675718942596734,-0.41391411819127505,0.27503387649229405
1.1992064094748944,0.45863888497518296,2.8213623911382086,2.796633802089631,-1.4426604273496149
-0.34845633042542506,-0.28271303530880976,-0.38182506394075105,-0.38487477187112423,0.33399853763684856
-0.2648216349641834,-0.2807379273087383,-0.19892346045350331,-0.2204420423084198,0.14405807370067167
-0.21320853985134425,-0.2743119591235851,-0.5694467897950215,-0.23794283452913295,0.4590526952797398
-0.30424190987981903,-0.2818945650837926,-0.30773337791714434,-0.31279688562719676,0.3232716486744864
-0.33499580510724997,-0.2825764010767921,-0.43142877172180855,-0.4264777763647587,0.36345304356573016
-0.2918814260472317,-0.28136554012568077,-0.40828867714450473,-0.3913858663014259,0.5080036121295862
3.8271430358609835,3.9763135216854155,2.298148927845637,2.377179431405931,-3.6918650906802646
-0.36619857217924173,-0.2827778633557082,-0.3636301471414342,-0.36862796948213217,0.3207737332993488
-0.3663506603604635,-0.28277787061492604,-0.366150747463255,-0.37137473737267884,0.31748639358992703
-0.33865881232296663,-0.28263926875470335,-0.4181029727078873,-0.4151931963469663,0.30704094975751783
2.061766720408635,1.340775612716404,3.1765553724034374,3.193220466210374,-2.269240968761435
-0.24881256207391747,-0.2801798433947435,-0.19578814259401545,-0.2179266463874296,0.11266429976532759
-0.34446881869626483,-0.28266600039013917,-0.3933905618328444,-0.3948986219122156,0.38641911675586393
-0.3437767370500625,-0.2826376435207689,-0.38765882086512615,-0.3901816095567212,0.3968337638133353
-0.30563408710123807,-0.2815279784425114,-0.6408041557750783,-0.5952304032346368,0.4334313476596666
-0.3471736362223374,-0.2826767550089081,-0.36865930923030266,-0.3735799792365041,0.3785376659575205
-0.3470532501374349,-0.28268971904486084,-0.19767755689487856,-0.23843016200230738,0.22796820476966365
-0.310929085693126,-0.282185534943777,-0.40966718778613526,-0.4023752946342016,0.2674435747062636
-0.33594172975396286,-0.2825224641238424,-0.42957415246398895,-0.42619931526212074,0.4349279238932546
1.2785200872309115,0.5277019519248398,2.8550762258036175,2.8517489359274086,-1.5549500747923988
-0.33442293422188274,-0.2825926383036238,-0.4287887926175155,-0.4238498648392799,0.30615198658101395
-0.31801527934213325,-0.2822187802847328,-0.48796771562976476,-0.47224998808403645,0.4832641504367361
-0.3382364639122019,-0.28255982629667664,-0.41757415216012145,-0.41596591303114583,0.4242285019076778
-0.30314659827187646,-0.281898132062467,-0.40628278989987276,-0.3963550154235263,0.3606058827366367
-0.32049333460000634,-0.28242679183533126,-0.43093478329180473,-0.42371398108789804,0.2364894049862806
-0.34712647892816245,-0.282691652617969,-0.38074343245863307,-0.38403355982884296,0.37405347012557033
-0.2945193695268735,-0.2814856013472651,-0.45913589238669444,-0.43709945941058576,0.5182363524868501
-0.36391555476533166,-0.2827760951945974,-0.30196566039738576,-0.32638212367669084,0.29023731903415095
-0.29654706988896246,-0.2815663578951034,-0.4760020866574114,-0.45290542668091505,0.519885197743097
-0.30895067228606893,-0.2820724287495061,-0.45501067266543926,-0.44051912949696326,0.37970751995038643
-0.20779512139517192,-0.2789908772737134,-0.4161894940697296,-0.4098906894548417,0.10752811463730973
-0.20890785686500155,-0.27905308686296404,-0.41509696145601654,-0.4093490895963214,0.11096252950378416
-0.31496502111913244,-0.2822957464446517,-0.31258240521529074,-0.32219203662190166,0.1848205885841775
-0.34416836706465354,-0.28261331701906983,-0.3642160139968402,-0.3725255134354151,0.35004243675865165
-0.2100078569391931,-0.27911316490792654,-0.41364238810473825,-0.4084684864068103,0.11423768483122128
-0.3099835420212106,-0.2821438393997134,-0.3475595649199938,-0.3491901640436633,0.24190020047674954
-0.36576681568324465,-0.2827777752244163,-0.3600644921292406,-0.3655372845052357,0.3222123226646391
3.415360805988729,3.2644088833676475,2.864334267442883,2.9312340941708435,-3.4072843202671708
-0.2890783516484737,-0.28087647493957724,0.1690636842694667,0.09900996502143018,0.47376554596865955
-0.34455395118351256,-0.2826471670630404,-0.38335786404220606,-0.38644136027875475,0.39277903569350353
-0.3509027464517219,-0.2827203031344093,-0.21076127371626782,-0.2502732804222256,0.23653644112695432
-0.366314424868417,-0.2827778701949048,-0.36480413976585263,-0.3704816414772727,0.31609518908035816
-0.3311828599866033,-0.2825521087403254,-0.43545361650623177,-0.4290960941627892,0.3047481758856491
-0.20182631047213775,-0.2784276522191139,-0.3526128147003027,-0.34921372196288997,0.06217770968400755
-0.30148142819535084,-0.2817446786295601,-0.495778399870941,-0.4726414117483274,0.5174745057905707
-0.32054656719046554,-0.2822772756420477,-0.4819705608988168,-0.46777038941414306,0.47593214657167354
-0.35966739435786865,-0.2827635301009849,-0.17377417682272772,-0.23715344790184287,0.30441285605856583
-0.33312466545637837,-0.28247245511412045,-0.44397335281890904,-0.4383929784285494,0.4476100653357195
-0.36598095656949836,-0.2827778229471023,-0.3486848782724187,-0.360275778821729,0.31278334197066415
-0.20177183110465305,-0.27861039552671757,-0.4096205102783981,-0.40135614374170564,0.08463705097486034
-0.3442167704550352,-0.2826140229053901,-0.36413591257641476,-0.3722701165647759,0.350041112784124
-0.3305207177299418,-0.28245288165486904,-0.12282726825693394,-0.1729661887382766,0.2540204251269338
-0.332173878161461,-0.28243528960239594,0.03014470759195609,-0.058122331263628355,0.33809722946812804
-0.28879265238429225,-0.2807321587963484,-0.7255231038784022,-0.6838066995905844,0.5839450859816154
-0.3488353172646452,-0.28270635205068584,-0.3723026771954808,-0.3767290085357863,0.3657002143651925
0.5482106911064138,-0.006004130173488929,2.5921587956562817,2.554890711501176,-0.8405647002008494
-0.3465164571405202,-0.28266969637016537,-0.3723783822316393,-0.3768481808001192,0.38221792540881766
-0.31082182261485813,-0.2821562506936877,-0.3275948775151368,-0.3325882514176763,0.23531993907617446
-0.3273531515342597,-0.2824175773809886,-0.4620287954519365,-0.45212048492935575,0.4541119512007446
-0.33431854727206767,-0.2825726234681116,-0.22639164294361003,-0.2563404063443765,0.20492339360569403
-0.3109738535584046,-0.2821249640205968,-0.46038393211156553,-0.4458474152032235,0.38173692965756106
-0.3436517241262841,-0.282605641498496,-0.36608958060549124,-0.3753640036300063,0.3527403216662695
-0.3359206483769401,-0.2826099385581648,-0.42525025822273704,-0.4210084073725299,0.30658361972252324
-0.3360450657812227,-0.2825411662742439,-0.11779385521183067,-0.1721162242837519,0.25036092307123947
-0.34027395183238485,-0.28257427894427073,0.01801002031966095,-0.07590201824801437,0.3235408359199889
-0.34683497967224675,-0.2826731480106446,-0.37057886000129286,-0.3752683729536835,0.380446767972309
-0.20452383508465727,-0.27879696866431924,-0.41635828981715034,-0.4086835633398795,0.09641712940914966
-0.20042239704231496,-0.2784188791009248,-0.3754889899698048,-0.3695534701023776,0.06693285772044616
-0.32295195150271466,-0.2823296555301768,-0.4755159218498475,-0.4628021677329436,0.46856211803904446
-0.3101339840502221,-0.2821637614744523,-0.3971887784262506,-0.39146134781793007,0.2614446529069224
-0.332898104283943,-0.2824019090329348,-0.45272222062331524,-0.43912557482831255,0.39175486051846065
-0.36199515796746856,-0.2827729045956709,-0.2914400189693405,-0.3162558001082098,0.2773649474358221
-0.34130366285106295,-0.28256831315621195,-0.3789023396467111,-0.3888388957075533,0.3702586454342003
-0.34742855374823883,-0.28269435304262225,-0.3792705165044034,-0.382762252323658,0.3726037206920561
-0.3240823472307658,-0.28240673685608475,-0.4578457816787474,-0.44728504047058,0.3784300707540448
-0.3030863723196541,-0.2818713240397921,-0.3366453711076446,-0.33680736927762844,0.3340353793119826
-0.34212828941711904,-0.2826722372716127,-0.4078849071007994,-0.4067555364296228,0.30703216815266676
-0.343605105007752,-0.2826044343048598,-0.376465078088896,-0.3764164623760987,0.38191329420346953
-0.36205490787400507,-0.2827735174096314,-0.31692528786363006,-0.33364006664824564,0.2991680092776645
-0.3650299069521473,-0.28277742351818014,-0.3516465362413566,-0.3594906529913335,0.31852891569915365
-0.304400548934681,-0.28187563212082123,-0.2415700708151172,-0.24859787262023866,0.22763774110500748
-0.3277363502591513,-0.28227849604463934,-0.4664840249543982,-0.46864649992812707,0.4503339628391979
-0.3343752542635921,-0.2825482473533345,-0.18927856309745716,-0.226639878563597,0.21161153882182893
-0.3392157473542796,-0.28257485270633087,-0.41238249662065635,-0.41151883543163525,0.4195553486117347
-0.35438401597451,-0.2827426444695791,-0.22797233544749357,-0.26506390614867503,0.24619578846643828
-0.31226251807583255,-0.28225939438408765,-0.3596244229161283,-0.3611224709041104,0.19254643098279475
-0.28199242853289036,-0.2803418568252586,-0.7977615376248579,-0.7156991605032645,0.4657944057225171
-0.20095004480962936,-0.27841519946329335,-0.3646895640342275,-0.35989608080388347,0.0643034456119135
-0.31275961341968067,-0.2822641115375943,-0.34470080053479524,-0.348631020683409,0.18919648508621237
-0.33412636140981034,-0.2824307367720642,-0.42420357076932114,-0.4309890105225323,0.4164932342844954
-0.3173451521033698,-0.28197058162514693,-0.5364307755297696,-0.5292268618284754,0.49610175335394524
-0.34869368748289686,-0.2827051869784741,-0.3730129969181655,-0.37734564074890936,0.36640828634770434
-0.30984011225738106,-0.28200529733018215,-0.500352715879939,-0.4802224070885633,0.5036158690213065
-0.3437783532402549,-0.28260707597831597,-0.3750034256415492,-0.37538753952845455,0.38165679536090075
0.3513135265614757,-0.10679369529332153,2.5797819233719577,2.5027680087764983,-0.4975270886367377
-0.21212940437334363,-0.2792256061269443,-0.4099594454772742,-0.40596027341585955,0.12028091831612206
-0.32553080592729206,-0.2825030387113632,-0.43219019415898247,-0.42569772865629274,0.25046822676836683
-0.3438084516791494,-0.282607993386816,-0.3654126078382985,-0.3744899319103337,0.35169689877726334
-0.3476379151389201,-0.2827151656603293,-0.38919192040403955,-0.39106535260159814,0.3056911798961732
-0.34195960764748423,-0.2825791264623713,-0.3750719628511739,-0.38503558042237535,0.36541080686258287
-0.2183594890285646,-0.2750005026601304,-0.7632580777508879,-0.569145347558851,0.6267276820565915
-0.20308238143198099,-0.2784579572228075,-0.3393743128806941,-0.3376199436440192,0.06064923083354103
4.2587951400643,4.786219697807458,1.3991034756659884,1.4601023134276196,-4.030450598851992
-0.35075093828177195,-0.2827025306085764,-0.22649217418936335,-0.22834380834562315,0.2948231777462635
-0.20558608149225047,-0.27886212012944883,-0.416921820994448,-0.4096437712186372,0.10023561391891431
-0.34426571086393587,-0.28261442295161504,-0.37026823758185723,-0.37243749494292455,0.3794994538634805
-0.3163597654751168,-0.28225616444505414,-0.2635826733397423,-0.28086274607082307,0.21808113217016428
-0.32195145132091946,-0.282367068503925,-0.461042936995052,-0.4495500738116847,0.3802870122834515
2.2523855958194874,1.5727106668948059,3.2330990107422095,3.2571490687139604,-2.440296869371563
-0.29679086115279946,-0.28168449122967393,-0.23721481524590862,-0.24697913678358902,0.2130035695123286
-0.3097206503402247,-0.2818868040198564,-0.06314097459909143,-0.11286788066097825,0.39660682234433514
-0.33320604830743933,-0.2824736869574978,-0.22510359837899382,-0.22942299737693145,0.27057644360225225
-0.3118160479754072,-0.282070709000266,-0.21355244007253665,-0.2373931668143701,0.2888798583922307
-0.3096152525969489,-0.28214160840846825,-0.365998572889217,-0.3647170482718653,0.24855310146673984
-0.32383685271134227,-0.28247865039358805,-0.43260637451321043,-0.42576583102609705,0.2460153976017299
-0.3054635631682077,-0.2819738320639708,-0.4366133804684861,-0.4233730825688505,0.3724928890551534
-0.34402182630169703,-0.2826107590494327,-0.37281908445528816,-0.3739300198760776,0.38104880254292645
-0.3409766420448289,-0.28267427661017164,-0.4051215130151561,-0.40435857895818605,0.28423858809364977
4.465168317912671,5.196632937215304,0.8484377208734203,0.8981014997367261,-4.147847481977969
-0.33781309596212233,-0.28261146803031434,-0.42242260870298237,-0.4190755910268991,0.35827577539126054
2.8436014050504683,2.3736838999429333,3.238273308499767,3.2851462064432155,-2.9481530549892914
-0.3166908716240401,-0.2823225227302296,-0.29619399603410135,-0.30894837496958216,0.1840523030445048
-0.3400964229325031,-0.28258789851369615,-0.4076771809970991,-0.4074787869441982,0.41529496280545974
-0.2927889429227982,-0.2815788292743104,-0.233097243145259,-0.24458449520891615,0.20471486848252526
-0.21108451889325508,-0.279170755002674,-0.4119061791896447,-0.4073182637002541,0.11734537454153818
-0.23688801777289487,-0.27692194754974275,-0.9405265308105369,-0.7988767450657058,0.6437705917379609
-0.20027355115069756,-0.2784668596323098,-0.39305248076775057,-0.3855589912512272,0.07334324715217039
-0.33940647130849194,-0.28253537658002087,-0.3904347080437271,-0.3999147479681928,0.38361878473323724
2.156510628770223,1.4543842992573803,3.2076208227000804,3.2397759417589302,-2.345698273555568
-0.3334310579561692,-0.2825554086324872,-0.43608502306215485,-0.4302651296574366,0.3661075449565271
-0.34315375917631974,-0.2826520446326991,-0.3994532601693019,-0.4000761133033653,0.39231396678762187
-0.3658554610096597,-0.28277780023705174,-0.35244561673040214,-0.36187983651393296,0.30784237095309597
-0.274208248355335,-0.27987147984996147,-0.8137373970708487,-0.7494361526241065,0.6129007621431726
-0.3329048831259491,-0.2825142138279955,-0.4423418780725385,-0.4360817439548538,0.4341753014412914
-0.3662865420416393,-0.28277786922220516,-0.3633681931163583,-0.369584416455687,0.3147586485998713
-0.33131866988989683,-0.28236730656866804,-0.44266051164204084,-0.44754945906319166,0.43202313602621756
-0.23821707158177907,-0.27978502478511713,-0.2050606552830005,-0.22518603300451767,0.09442561343935961
-0.3320290602599446,-0.28258588261024986,-0.4250668646460168,-0.42054366396407944,0.26592557021994795
-0.3328422073039841,-0.28257340023177124,-0.43221721249847345,-0.4265698524774942,0.305550088301748
-0.3661177727029059,-0.2827778546295972,-0.35898443355206583,-0.3664867952901287,0.31183430082516284
-0.3464173694109715,-0.2826851411107809,-0.38417153638605395,-0.3869874694557907,0.3774182470837256
-0.27194393978005416,-0.28011602336187963,-0.44171177139880524,-0.39966614043623994,0.5848572729582369
-0.2541968036616615,-0.28037315369323623,-0.19471963752588559,-0.21714293883996102,0.1227537814708139
-0.3663482138487612,-0.28277787061148746,-0.36601938336210865,-0.3712940224470387,0.3172477298032184
-0.34663496755030293,-0.28267098728432366,-0.3717094835335754,-0.3762612506117281,0.3815613632792612
-0.34764493271473024,-0.2827069831748557,-0.3852796640896116,-0.387827644418177,0.33614037406674296
-0.3272120364046423,-0.28252606672754493,-0.43111300215582327,-0.4250442168798962,0.25469209769383927
-0.33989887325893564,-0.28265158644842936,-0.414594616006223,-0.4123101524927556,0.30711200291537544
3.6718558714782787,3.7008990560186916,2.5436195051260193,2.62230928500762,-3.576279321113739
1.525299194080093,0.7588725792006135,2.9602427465892758,2.953060002945529,-1.7668952781079845
-0.335380131929698,-0.28245582996824087,-0.4355062999107365,-0.4246002577921089,0.3886859673915567
-0.3188510296794161,-0.28220305898848197,-0.23655749812717247,-0.24122872889419952,0.2508258405798478
-0.34835940935506904,-0.2827023990191331,-0.37468118285156615,-0.378792285716343,0.3680667468369543
-0.2434635073288142,-0.2799827307077268,-0.19922340857850446,-0.22058514121227762,0.10317324910480136
-0.34088769412004405,-0.2825992430114323,-0.4034216270945614,-0.4038164107887501,0.41141840336124863
0.2873143781703753,-0.13526148138559815,2.5907845923800106,2.5437799002760557,-0.5634213151489437
-0.32055617914749956,-0.2821928519527729,-0.5030503306230576,-0.4872375551439525,0.49868630933057684
0.9704184208699375,0.2738223616844108,2.728441394671885,2.7103576981451174,-1.26219476487259
-0.2929245776104436,-0.28141677483483807,-0.4367483912637589,-0.4167082729170601,0.5143460246234555
-0.33632712459672864,-0.2824766720060598,-0.4099338170764498,-0.4180144293242133,0.40345202568854177
-0.3661457577199709,-0.28277785697926666,-0.35816181017776233,-0.3661309861520984,0.31143419236697434
-0.34130334007094054,-0.2826501107932452,-0.41022467075343144,-0.4089244552962259,0.35115900745805945
-0.3438998899745161,-0.2826288391381304,-0.22168196416266092,-0.22507382490114752,0.28523153908433774
-0.34477106442645256,-0.2826833219807245,-0.3970257091927853,-0.3978121912076598,0.3433001850760794
-0.3491201071611699,-0.2827177815860399,-0.3789503977925835,-0.3824118058467267,0.3322013445097612
-0.3488050182892444,-0.28271555151918126,-0.3803205909103157,-0.38358643403545445,0.33305976435927565
-0.32765769392549576,-0.28250306224262456,-0.440947008484831,-0.4332153021929608,0.3024123664025969
-0.3301757453232562,-0.28248866787657834,-0.196878065604102,-0.2311294210127815,0.20971000423697894
-0.30412462588767664,-0.28193191057338285,-0.4230427042766909,-0.41116181634660887,0.36715436811171115
-0.34600294357072764,-0.2826812235302289,-0.3861565044619338,-0.3886947933525615,0.3793614146445176
1.1215727397490585,0.3934116021895724,2.7894126570426807,2.7785645439292326,-1.4071231622998748
-0.3317608855699527,-0.2825317930086177,-0.4407652680631926,-0.43403766413108846,0.36876299342807545
-0.3442551212881974,-0.2826145797388945,-0.3641031352684661,-0.37207081012398285,0.35014244528861455
-0.353996664165102,-0.28272947595241554,-0.23263477541816893,-0.23330772013009154,0.29941182428789836
4.033721019231778,4.355779314311899,1.908535253432138,1.9786240455328525,-3.870189172593532
-0.3663010591192269,-0.2827778697850771,-0.36502621761204684,-0.3700899852251381,0.31947818137411865
-0.2766062872090546,-0.28041379808922673,-0.5365578315041912,-0.48901058067750164,0.5966410867323237
-0.3346043767447918,-0.2824992940642153,-0.43645877929656174,-0.4320405744543212,0.44100894744624247
-0.29925702477359584,-0.2815641258836737,-0.17497785385374479,-0.1974700623111988,0.43787734908538134
0.8968084619745577,0.21923431079197328,2.7001637706833423,2.6580939517280235,-1.1243133843344784
-0.34293667014642554,-0.28265044246225096,-0.18952856870705193,-0.2302922152243172,0.22082048410156996
-0.3192054288019225,-0.2823077435478461,-0.24318394452288092,-0.26496758082610633,0.21395283029630854
-0.3456719792682387,-0.28266026825543394,-0.3771246543787172,-0.38100387352454246,0.3868271450519833
-0.3396100201010964,-0.28261024600341617,-0.4151681502391351,-0.4134025445664667,0.40756697312994294
-0.31168585642361046,-0.2820467322595512,-0.2408847903440986,-0.24627168671127583,0.24001630526725062
4.207860716985495,4.687213688755489,1.5228912917143016,1.5917758392951291,-3.9674532721926736
-0.3663512981428336,-0.2827778706151214,-0.36618039824781684,-0.3713938777020273,0.31753246230233534
-0.25955228004762865,-0.2805599083576738,-0.19585788772370757,-0.21806755935586714,0.13327737321501967
-0.3593593402859254,-0.2827639085595537,-0.23086494317805684,-0.2722928773533825,0.2711754187310072
-0.3599610856010822,-0.2827674084931964,-0.26981860232114335,-0.2992594309158976,0.26708656963112937
-0.3646504421492444,-0.2827770795415486,-0.328771526134597,-0.3446365128723241,0.2953286855491097
-0.34543773484701074,-0.2826575817802358,-0.37843503550524804,-0.3821488336623043,0.38808701756428376
-0.3255311374266568,-0.2823146692599444,-0.4807717567035825,-0.46907548361711116,0.4795055551788292
-0.34401621372490737,-0.28267652860451126,-0.3999888909226416,-0.4003172199530812,0.3450802779879859
-0.20683330505604564,-0.2785773383834363,-0.3101635068398676,-0.31239103387045963,0.059755721932449005
-0.35705612703512307,-0.2827497918010458,-0.24270948976346715,-0.2420398880277405,0.30375492614638555
-0.0347404467719592,-0.24237987829852126,3.002003487333794,2.8833747162947008,-0.0302216391168165
-0.3273699126904706,-0.2824826241776586,-0.240600676036617,-0.26592062691472595,0.19283727960598968
-0.34703857972334556,-0.2827110490380281,-0.391368905393154,-0.3929064220309509,0.3059183678280474
-0.32522241813996305,-0.2823762787276934,-0.4688130800169672,-0.4575345714290694,0.4612602812692515
-0.3003303209375353,-0.28136510909074774,0.33128104255624335,0.21140754257597305,0.44032170339967036
-0.36354158873489373,-0.2827757592518127,-0.31150014934122505,-0.3316634919395779,0.2869088147201582
-0.20474468694858078,-0.2785075238843114,-0.32514715470374933,-0.3252760388953421,0.05981166039352832
-0.3470609092522871,-0.28267556155986956,-0.3692990563519413,-0.3741430969029762,0.37917659648869695
-0.3213420668752657,-0.2823946379909967,-0.26527591474906986,-0.28453289824820344,0.18592171182668707
-0.34638333444183933,-0.28270639486209526,-0.3937086207553469,-0.39488134964098487,0.30614321288093627
-0.3439321896482321,-0.2826098365548319,-0.3649269333542338,-0.3738059651919125,0.35095729109883855
-0.30968001900979314,-0.28214865436282915,-0.3826044280232708,-0.3788728939583267,0.25511293245933603
-0.25666433545498607,-0.27862339847066664,-0.9009690715500497,-0.8042917728929365,0.6354053183469696
3.968491877224967,4.2343220380368605,2.0397809861680196,2.117112788736644,-3.7954486750910763
-0.33866955137155674,-0.2826028608236621,-0.18672215996632774,-0.2263139439379904,0.2153251723635198
-0.34566817462719135,-0.28270113156557736,-0.3962145347693232,-0.39699211668827683,0.3063611806521063
-0.3484405846496522,-0.2827094790526825,-0.2379530761498363,-0.26954683840099347,0.24146785118258574
2.5461823741123433,1.9553587319896515,3.275751943693032,3.3212473355994567,-2.679594931733342
-0.3099427487351823,-0.2817052029776124,-0.5863803672624135,-0.5714126584840146,0.5235040450877961
-0.3558851598968773,-0.2827472740407393,-0.19417190981561325,-0.24282388173005962,0.2626132160205224
-0.3402327145643607,-0.2826388172841334,-0.41408447919604113,-0.41215014307185477,0.3534250547462821
-0.3261844514746148,-0.28242676813048234,-0.20893151291145629,-0.23940398934509882,0.20956276711290828
-0.3188241463284533,-0.2823558458269099,-0.28024048936067203,-0.2962432103481472,0.18438726220101825
1.0451870037871471,0.33182607851223467,2.7581280470629728,2.724629798116484,-1.2829221757144103
-0.35434560926454456,-0.2827460921936078,-0.2611158507830382,-0.28927664111099444,0.2625353631753661
-0.3231513515978992,-0.28225823762746316,-0.4916284382077239,-0.4779720518792451,0.48884710758917094
-0.3468267016487614,-0.28267576894743307,-0.1375752372342546,-0.19404532993532542,0.2512552008288667
-0.340981356464106,-0.282562017887929,-0.39616908419154345,-0.39181630137336604,0.38352327902432143
3.5037502048807347,3.4122145860409585,2.7657159148104897,2.841991725860536,-3.448987692001132
-0.34404195135026433,-0.2826884469067367,-0.40172799538513765,-0.4016190953542717,0.30675278844721826
-0.30419188551506227,-0.2816855998567661,-0.5622421582252821,-0.5325920576092731,0.5522498840523892
-0.3442246790269987,-0.28261380711811085,-0.3707497833251573,-0.37269324939288656,0.3799197081327235
-0.32968835040358063,-0.2824052282903433,-0.4610093163701826,-0.45268969248148655,0.4624453354285823
-0.3431900374097688,-0.28266881591598825,-0.4031747023298562,-0.40300398362663464,0.3469835754013326
-0.35891007075139986,-0.28276524414137444,-0.28953943466918824,-0.31228926954232233,0.2824705354209169
-0.31527372117101404,-0.28212656913986706,-0.23905446507938238,-0.24399088372947583,0.24556819005583747
-0.33352321267344553,-0.2826026514061877,-0.42244301255204936,-0.41847890154249173,0.2691907247306423
-0.3403670853147854,-0.2825826416249512,-0.221821649591413,-0.2256716140449226,0.2803477207052002
2.3495151273491803,1.6958114699373485,3.2547238875169566,3.2934465275407305,-2.5124607503692427
-0.3133432982216591,-0.2822432929277471,-0.4283825143314763,-0.4191176755888099,0.27816438497786516
-0.34554312934406256,-0.2826767800257912,-0.3883433369251561,-0.39057320558248704,0.38149853134731987
-0.34737155364300343,-0.28266891835759805,-0.22305944042388334,-0.225788789095413,0.2900730178490596
-0.34391462605982265,-0.28260914138088755,-0.3738057326959665,-0.3745739904396139,0.3813688269578793
-0.31468890921402703,-0.2820300475834568,-0.5270834090401579,-0.5063358213551562,0.5195973235356985
-0.34816291299644864,-0.28270073519081,-0.3756566026738976,-0.37963723679420125,0.369033921221154
1.8766994287045036,1.1280792873633014,3.107796406448228,3.116904422878994,-2.0996202981843273
-0.33494971478327856,-0.2826178961125753,-0.41965136458683705,-0.41624999086447606,0.27222413830467557
-0.3471749914141741,-0.28270335175096056,-0.387251809233922,-0.3895100256153316,0.3373551117324922
-0.3006512409905473,-0.28178304136269366,-0.2400607295010647,-0.24832441248906995,0.2206348669931098
4.497659979993801,5.262675071999783,0.7535166231915312,0.7956739124173188,-4.195714373004161
0.6841648866322638,0.07499723560676703,2.6267178539866283,2.5954058455757645,-0.9794363288955608
-0.3485356611549952,-0.2827038756770019,-0.3738030345323515,-0.37803101621317536,0.36719445185009014
-0.3423916360318393,-0.28264357249712857,-0.402909437645369,-0.40301876991680263,0.3956696851074241
-0.3042098838157624,-0.28183489953721585,-0.5000274153344784,-0.47760307276683384,0.5139565452892737
2.447435611541211,1.8233859407210702,3.2683843851628693,3.2998778085238323,-2.6116130547017224
-0.33714867266085896,-0.2825424916720839,-0.4232932709250214,-0.42085045606393684,0.4293433184908982
-0.34807079881644365,-0.282710194038626,-0.3834744460084357,-0.38628554227267153,0.3350234565676761
-0.34338481061397963,-0.28260104828419924,-0.37825791512968127,-0.37771919804676807,0.382142402977484
-0.34312293911083597,-0.28268083627200447,-0.4047298111353425,-0.4041276680065232,0.3069112699642259
-0.34229453360175044,-0.28258382307436747,-0.38660424887739014,-0.38412659807230004,0.382797124316837
-0.30056978636187887,-0.28131357196648693,-0.6490224642446077,-0.623036052094065,0.5532512841949098
-0.20020896296022672,-0.27843677156601515,-0.38494852097312554,-0.3781171673593406,0.06997494182772533
-0.3375850700426082,-0.2826441288931107,-0.4138155490690134,-0.41151989862268756,0.27762943173252863
-0.3404690662035714,-0.2825541277215231,-0.3839090901683564,-0.39370024369024437,0.3762559795997723
-0.26995686965935994,-0.28090567071280903,-0.20353556457065144,-0.2239345066169686,0.15491404751085103
-0.3662584283034291,-0.28277786785806075,-0.3643583377546157,-0.36937774831171827,0.32012136501853133
-0.3458811926858411,-0.2826626414894474,-0.3759518583979514,-0.3799784086202157,0.3856954900513326
-0.23314087943396353,-0.2795902288603585,-0.2132128364989606,-0.2316961735842978,0.08654198029820906
-0.34503338771285996,-0.28267173480293734,-0.39074888726676194,-0.3926364593516726,0.3838455744529743
-0.31201543471010623,-0.282212519062309,-0.420041643470906,-0.411583758528127,0.27303358839167485
-0.31141041624878724,-0.28192989513041417,-0.5392638517328441,-0.5157410260205942,0.530466483265767
-0.3380527451826222,-0.2825103686531825,-0.3989203944077892,-0.40785938053929854,0.39259278751824517
1.7865379653265863,1.0289174017544418,3.07189032901223,3.0907222603955793,-2.0189874163445274
-0.3304732590724303,-0.28256753645044413,-0.4274467504731888,-0.4223780393963159,0.26242256180280743
-0.3515437803940095,-0.28273033664430963,-0.24849512528965675,-0.2786876296046638,0.25199647521775415
-0.3139659860030604,-0.2818503228444912,-0.5835706991155823,-0.5486270319629557,0.42042986612221495
-0.3631521370142509,-0.282774500232122,-0.25486972744834485,-0.2963159437207325,0.30565142841278503
-0.30790704714461664,-0.2818154624620069,-0.5511555040616375,-0.5246470507368373,0.541417090540587
-0.3663349434808618,-0.28277787052270836,-0.36539857261096775,-0.37090005670495996,0.3165099838098083
-0.2025908368456669,-0.2786698775739646,-0.41282077823779517,-0.40463181789765945,0.08857905194293408
-0.337948124134528,-0.2826140104534328,-0.22417142903708337,-0.2555978019685752,0.2127519495163754
-0.3406265435751409,-0.28262286382654656,-0.4107531991369852,-0.4096726821454745,0.4032810309559792
-0.34410722817170825,-0.2826124213373939,-0.36435959242615135,-0.37285251347776405,0.35017299360231824
-0.32411144087754706,-0.2822645890260812,0.016812003160240164,-0.06082098929259762,0.35579870081269754
-0.3301414497527384,-0.2823344873639837,0.4984931703306535,0.26653926630724933,0.375291029218767
-0.346068006343893,-0.28266473975981,-0.3749031223207016,-0.3790605924773191,0.38467959780446703
-0.3620283469655785,-0.2827724092779031,-0.2681849415475567,-0.30115378440716084,0.2806804625336801
-0.34410615915844917,-0.2826120278342058,-0.3720017383082394,-0.3734197048951044,0.3806984162231785
-0.3466569842174746,-0.28269924145331793,-0.3894019589743778,-0.3913415137791396,0.33867334276501876
-0.3663514252891858,-0.2827778706151287,-0.366186729792985,-0.37139795351269617,0.3175431408264716
-0.3296094365079067,-0.28241192999401826,-0.22769948746425359,-0.2321083797069531,0.2657050880914834
-0.2659329623797936,-0.2793003600961731,-0.8930660701340192,-0.7789421613410648,0.4817979254009552
-0.3653510441359745,-0.28277760723850937,-0.35565000316844203,-0.3623565615501007,0.32055128694695895
-0.3131101462548909,-0.2821774569750181,-0.46361304251901675,-0.44932465919574516,0.38284600627403725
-0.33645580341371306,-0.28259500941158444,-0.4268587002268325,-0.42273298890164673,0.36083343476617774
-0.24710686582716967,-0.2778241902019995,-0.9754311887820283,-0.8122249175178167,0.49207733836399925
-0.30859436177470334,-0.28199526325959007,-0.24509135309718347,-0.26211711268702353,0.3003284404978634
-0.3205306296766337,-0.2820698477149354,-0.5382544850335139,-0.5110644059777132,0.41003918676335516
-0.2920934982689274,-0.28119930305740076,-0.583738682611559,-0.5441825043043907,0.5812715686461579
-0.3070939979667484,-0.28202141477809206,-0.44718457039105786,-0.43310016489254805,0.3766554605835939
-0.2915160738384362,-0.2813379526339376,-0.3733824444958678,-0.36097154914458807,0.4990594327883726
-0.27381937875201995,-0.2802440051408975,-0.4976604038023021,-0.45139117497582826,0.5928404832091566
-0.3239352060727593,-0.28244542269502676,-0.44430052744624565,-0.4353721556162785,0.2988610155527134
3.3245492302831896,3.115299079223893,2.9546367982948096,3.0266239955536514,-3.310761916198957
-0.366252592484816,-0.2827778676873247,-0.3628202290475219,-0.3691363056228646,0.31449501171421945
-0.34638362856789395,-0.28266824007349023,-0.3731272438157641,-0.3775048622266571,0.38295066655221605
-0.3663480756446526,-0.2827778706114836,-0.366039554502067,-0.371302426483731,0.3173366340543981
-0.3477000575129269,-0.28269674277694223,-0.37794000139799244,-0.3816127076362357,0.3712917071772572
-0.32770620098385017,-0.28236331665097125,-0.4705561018547243,-0.4606331823033218,0.4706986805794541
-0.29573427582637724,-0.281451188290692,-0.23142289818152034,-0.2424735876566115,0.45658482517445725
-0.34545959638885815,-0.28268930805760045,-0.39427906777202093,-0.3954851802277047,0.3416413237214477
-0.3442979654604605,-0.28261490757303037,-0.36985950116340605,-0.3722338380217048,0.3790642357492864
-0.36632802916848667,-0.2827778704311383,-0.36556185264723284,-0.37067946793662593,0.3188811330045381
-0.3153722631130313,-0.28215393537709843,-0.4932492793213769,-0.4760105941496504,0.49042892037847235
-0.3441724995035801,-0.28261302411065903,-0.37132069009556407,-0.3730148383111244,0.3803207624618442
-0.32934269179730946,-0.28245401857253893,-0.4552934062858875,-0.4466812267501513,0.44718378715811186
-0.3469190714143264,-0.2826740497094842,-0.37010288784185924,-0.3748500438572661,0.37997549801470887
-0.34517554160218256,-0.28265453803762564,-0.37989925035924166,-0.38342686962558464,0.38948879253335594
0.22338733283908074,-0.1612774402031459,2.617183913899637,2.5287727418253447,-0.3421720935382639
-0.3225006244628164,-0.2823654861907106,-0.22466148561580626,-0.25090692246009527,0.21103905190494274
-0.366342519015789,-0.2827778705876776,-0.36591545306159323,-0.3710798022017706,0.31836356906827823
-0.3450918906579353,-0.2826830907076289,-0.23011370537988896,-0.2623955194170656,0.23124174738742376
3.7511460815038986,3.8405150856483066,2.422691870370002,2.495313850866082,-3.6628327177385156
-0.34228744533790134,-0.28266005738489536,-0.4065866172149717,-0.4058737196997562,0.34901040326554317
-0.31215715404055755,-0.28217929664234825,-0.30654185778615606,-0.31531286199508224,0.22900708009416137
-0.36634880566931677,-0.2827778706126618,-0.3660974716924516,-0.3712910289471427,0.3179601546652104
-0.36558723252412345,-0.28277771234453697,-0.35832274875912445,-0.3642671012087285,0.321716775374154
-0.34679059633491593,-0.2826885984730289,-0.3823722888918754,-0.38543795545085585,0.3756537604152862
3.899568171853658,4.10767856728222,2.169507424518327,2.241850854496473,-3.7726069082575573
-0.329451573317703,-0.2825286772973392,-0.43840113936174097,-0.43134384663206393,0.30371384418971886
-0.22829959372134287,-0.27940195052570166,-0.2234833855496017,-0.23998965363152192,0.07961521315706355
-0.3367962891774629,-0.2825307577977349,-0.2230510633024703,-0.22719348516908672,0.27545697371819633
-0.34488905494486405,-0.2826951788176015,-0.3988880639623452,-0.39923880605065154,0.306566659461529
-0.29332715690219535,-0.2813766010998388,-0.2843138146232373,-0.2857411297949716,0.47322830523238246
-0.2988996310196235,-0.2816540866059322,-0.48799121231559633,-0.4645828056178188,0.5195417137645044
-0.33907077542925107,-0.28262600078715505,-0.4181560847131352,-0.4155396505193087,0.3558010652372619
-0.32517833424486164,-0.28235598311070864,-0.1365970450719538,-0.18110767901301553,0.26012438328394855
-0.3137100011258194,-0.2823020242197771,-0.4060476709152107,-0.40096091230915987,0.2107135070682214
0.7537276640184795,0.11993798722868415,2.6492018662999843,2.5987488035983413,-0.9665960956738252
-0.3039290782797995,-0.2817119764894705,-0.11763318878484243,-0.15317836040897265,0.41764399176720984
1.697801331046233,0.9343584727697816,3.034072744888683,3.0352532171697475,-1.9321030629669504
-0.3311922082346506,-0.2824860765953426,-0.4487064646232302,-0.44131112052936544,0.4405261368690321
4.09538717339159,4.471903973817632,1.778488856165429,1.852316004354073,-3.887155493672436
-0.2749214273405499,-0.28106225020891756,-0.20923652683466235,-0.228160814580288,0.16566741178247021
0.6155223166208318,0.03305403170256793,2.6082301103742123,2.5494216248661097,-0.8096197337972733
-0.3307650625237938,-0.282528282573553,-0.23196546016172986,-0.25984178619366743,0.19825258077144686
-0.30806939361107216,-0.2819632667726637,-0.24179670519308563,-0.24786991420327645,0.23407108599370113
0.824741515240945,0.1679853803887679,2.673438424204748,2.6485227381288574,-1.1197813765865285
-0.3448821460596576,-0.28265108607127587,-0.3815335697473766,-0.38485222519282414,0.3910473608017994
-0.3462347782125501,-0.28266659629486274,-0.373965319779521,-0.37823934035424217,0.3837681005907627
-0.31365571812966053,-0.2822761890780054,-0.32889854942146707,-0.33554661274308567,0.1865773893798371
-0.3221499635463024,-0.28245312753158125,-0.4322327583767768,-0.42514140782664384,0.24134847499119053
